<?xml version="1.0" encoding="UTF-8"?>
<project-private xmlns="http://www.netbeans.org/ns/project-private/1">
    <editor-bookmarks xmlns="http://www.netbeans.org/ns/editor-bookmarks/2" lastBookmarkId="0"/>
    <open-files xmlns="http://www.netbeans.org/ns/projectui-open-files/2">
        <group>
            <file>file:/Users/francoisdesautels/Documents/GitHub/S4_APP3/APP.X/pmod_s.s</file>
            <file>file:/Users/francoisdesautels/Documents/GitHub/S4_APP3/APP.X/spiflash.c</file>
            <file>file:/Users/francoisdesautels/Documents/GitHub/S4_APP3/APP.X/adc.c</file>
            <file>file:/Users/francoisdesautels/Documents/GitHub/S4_APP3/APP.X/main.c</file>
        </group>
    </open-files>
</project-private>
